subject;age;setsize;condition;totalCases;mean_answer_correct;mean_response_time;median_response_time;sum_answer_correct;sum_of_changes;sum_of_noChanges;falseAlarm;correct_rejections;miss;hit;totalOfChange;totalOfHit;falseAlarmRate;hitRate;k;kPashler;joinKey
101;young;2;1;48;1,0000000; 904,7083; 815,0;48;24;24; 0;24; 0;24;24;24;0,00000000;1,0000000; 2,0000000; 2,0000000;1012
101;young;2;2;48;1,0000000; 955,4792; 876,0;48;24;24; 0;24; 0;24;24;24;0,00000000;1,0000000; 2,0000000; 2,0000000;1012
101;young;2;3;48;0,9791667;1092,0625; 900,5;47;24;24; 0;24; 1;23;24;24;0,00000000;0,9583333; 1,9166667; 1,9166667;1012
101;young;2;4;48;0,9791667; 849,6250; 803,5;47;24;24; 1;23; 0;24;24;24;0,04166667;1,0000000; 1,9166667; 2,0000000;1012
101;young;4;1;48;1,0000000; 970,2083; 929,0;48;24;24; 0;24; 0;24;24;24;0,00000000;1,0000000; 4,0000000; 4,0000000;1014
101;young;4;2;48;0,8958333;1296,0000;1007,5;43;24;24; 3;21; 2;22;24;24;0,12500000;0,9166667; 3,1666667; 3,6190476;1014
101;young;4;3;48;0,8541667;1311,8125;1122,0;41;24;24; 1;23; 6;18;24;24;0,04166667;0,7500000; 2,8333333; 2,9565217;1014
101;young;4;4;48;0,9375000; 976,9375; 903,5;45;24;24; 3;21; 0;24;24;24;0,12500000;1,0000000; 3,5000000; 4,0000000;1014
101;young;6;1;48;0,7708333;1312,4792; 950,5;37;24;24;11;13; 0;24;24;24;0,45833333;1,0000000; 3,2500000; 6,0000000;1016
101;young;6;2;48;0,8541667;1127,2917;1020,5;41;24;24; 4;20; 3;21;24;24;0,16666667;0,8750000; 4,2500000; 5,1000000;1016
101;young;6;3;48;0,7291667;1359,6875;1146,0;35;24;24;11;13; 2;22;24;24;0,45833333;0,9166667; 2,7500000; 5,0769231;1016
101;young;6;4;48;0,8541667;1164,4167; 898,5;41;24;24; 7;17; 0;24;24;24;0,29166667;1,0000000; 4,2500000; 6,0000000;1016
102;young;2;1;48;1,0000000; 907,3125; 836,0;48;24;24; 0;24; 0;24;24;24;0,00000000;1,0000000; 2,0000000; 2,0000000;1022
102;young;2;2;48;0,9375000;1141,5417; 987,0;45;24;24; 0;24; 3;21;24;24;0,00000000;0,8750000; 1,7500000; 1,7500000;1022
102;young;2;3;48;0,9166667;1036,4167; 991,5;44;24;24; 2;22; 2;22;24;24;0,08333333;0,9166667; 1,6666667; 1,8181818;1022
102;young;2;4;48;0,9791667;1013,4375; 914,5;47;24;24; 1;23; 0;24;24;24;0,04166667;1,0000000; 1,9166667; 2,0000000;1022
102;young;4;1;48;0,9375000;1043,9167; 954,0;45;24;24; 3;21; 0;24;24;24;0,12500000;1,0000000; 3,5000000; 4,0000000;1024
102;young;4;2;48;0,9583333;1527,2708;1071,5;46;24;24; 0;24; 2;22;24;24;0,00000000;0,9166667; 3,6666667; 3,6666667;1024
102;young;4;3;48;0,6666667;1253,5417;1132,0;32;24;24; 7;17; 9;15;24;24;0,29166667;0,6250000; 1,3333333; 1,8823529;1024
102;young;4;4;48;0,9375000;1040,0833; 917,5;45;24;24; 3;21; 0;24;24;24;0,12500000;1,0000000; 3,5000000; 4,0000000;1024
102;young;6;1;48;0,8958333;1277,3333;1015,5;43;24;24; 5;19; 0;24;24;24;0,20833333;1,0000000; 4,7500000; 6,0000000;1026
102;young;6;2;48;0,7291667;1242,4583;1035,0;35;24;24; 6;18; 7;17;24;24;0,25000000;0,7083333; 2,7500000; 3,6666667;1026
102;young;6;3;48;0,7083333;1531,2083;1141,5;34;24;24; 6;18; 8;16;24;24;0,25000000;0,6666667; 2,5000000; 3,3333333;1026
102;young;6;4;48;0,8333333;1245,6250; 946,0;40;24;24; 2;22; 6;18;24;24;0,08333333;0,7500000; 4,0000000; 4,3636364;1026
103;young;2;1;48;1,0000000; 938,6875; 796,0;48;24;24; 0;24; 0;24;24;24;0,00000000;1,0000000; 2,0000000; 2,0000000;1032
103;young;2;2;48;0,9791667;1141,1250; 933,5;47;24;24; 0;24; 1;23;24;24;0,00000000;0,9583333; 1,9166667; 1,9166667;1032
103;young;2;3;48;0,9583333;1160,8125; 970,5;46;24;24; 0;24; 2;22;24;24;0,00000000;0,9166667; 1,8333333; 1,8333333;1032
103;young;2;4;48;0,9791667; 939,8542; 818,0;47;24;24; 1;23; 0;24;24;24;0,04166667;1,0000000; 1,9166667; 2,0000000;1032
103;young;4;1;48;0,9166667;1278,7708; 888,0;44;24;24; 3;21; 1;23;24;24;0,12500000;0,9583333; 3,3333333; 3,8095238;1034
103;young;4;2;48;0,8958333;1205,2917; 936,5;43;24;24; 1;23; 4;20;24;24;0,04166667;0,8333333; 3,1666667; 3,3043478;1034
103;young;4;3;48;0,8125000;1394,2292;1039,5;39;24;24; 3;21; 6;18;24;24;0,12500000;0,7500000; 2,5000000; 2,8571429;1034
103;young;4;4;48;0,9791667;1155,6250; 882,5;47;24;24; 1;23; 0;24;24;24;0,04166667;1,0000000; 3,8333333; 4,0000000;1034
103;young;6;1;48;0,8750000;1218,6042; 936,5;42;24;24; 5;19; 1;23;24;24;0,20833333;0,9583333; 4,5000000; 5,6842105;1036
103;young;6;2;48;0,7708333;1375,3125;1048,5;37;24;24; 5;19; 6;18;24;24;0,20833333;0,7500000; 3,2500000; 4,1052632;1036
103;young;6;3;48;0,8541667;1280,5000;1044,0;41;24;24; 4;20; 3;21;24;24;0,16666667;0,8750000; 4,2500000; 5,1000000;1036
103;young;6;4;48;0,8125000;1313,8542; 958,5;39;24;24; 6;18; 3;21;24;24;0,25000000;0,8750000; 3,7500000; 5,0000000;1036
104;young;2;1;48;1,0000000; 552,9375; 520,0;48;24;24; 0;24; 0;24;24;24;0,00000000;1,0000000; 2,0000000; 2,0000000;1042
104;young;2;2;48;0,9166667; 723,2500; 581,5;44;24;24; 2;22; 2;22;24;24;0,08333333;0,9166667; 1,6666667; 1,8181818;1042
104;young;2;3;48;0,8750000; 767,9375; 630,5;42;24;24; 0;24; 6;18;24;24;0,00000000;0,7500000; 1,5000000; 1,5000000;1042
104;young;2;4;48;0,9791667; 627,2917; 636,0;47;24;24; 1;23; 0;24;24;24;0,04166667;1,0000000; 1,9166667; 2,0000000;1042
104;young;4;1;48;0,9375000; 702,1250; 630,0;45;24;24; 3;21; 0;24;24;24;0,12500000;1,0000000; 3,5000000; 4,0000000;1044
104;young;4;2;48;0,7500000; 876,8542; 678,5;36;24;24; 3;21; 9;15;24;24;0,12500000;0,6250000; 2,0000000; 2,2857143;1044
104;young;4;3;48;0,8125000; 916,2292; 710,5;39;24;24; 1;23; 8;16;24;24;0,04166667;0,6666667; 2,5000000; 2,6086957;1044
104;young;4;4;48;0,8958333; 776,5833; 666,5;43;24;24; 0;24; 5;19;24;24;0,00000000;0,7916667; 3,1666667; 3,1666667;1044
104;young;6;1;48;0,8541667; 887,7500; 704,0;41;24;24; 7;17; 0;24;24;24;0,29166667;1,0000000; 4,2500000; 6,0000000;1046
104;young;6;2;48;0,7291667; 894,5625; 765,0;35;24;24; 5;19; 8;16;24;24;0,20833333;0,6666667; 2,7500000; 3,4736842;1046
104;young;6;3;48;0,6666667; 809,8125; 694,0;32;24;24;10;14; 6;18;24;24;0,41666667;0,7500000; 2,0000000; 3,4285714;1046
104;young;6;4;48;0,7500000; 859,3750; 739,5;36;24;24;10;14; 2;22;24;24;0,41666667;0,9166667; 3,0000000; 5,1428571;1046
105;young;2;1;48;0,9791667; 608,7083; 524,5;47;24;24; 1;23; 0;24;24;24;0,04166667;1,0000000; 1,9166667; 2,0000000;1052
105;young;2;2;48;0,9166667; 616,1875; 583,0;44;24;24; 3;21; 1;23;24;24;0,12500000;0,9583333; 1,6666667; 1,9047619;1052
105;young;2;3;48;0,8333333; 702,8958; 666,0;40;24;24; 1;23; 7;17;24;24;0,04166667;0,7083333; 1,3333333; 1,3913043;1052
105;young;2;4;48;0,9583333; 688,8542; 592,0;46;24;24; 1;23; 1;23;24;24;0,04166667;0,9583333; 1,8333333; 1,9130435;1052
105;young;4;1;48;0,8958333; 646,3542; 612,5;43;24;24; 5;19; 0;24;24;24;0,20833333;1,0000000; 3,1666667; 4,0000000;1054
105;young;4;2;48;0,8333333; 886,8958; 692,0;40;24;24; 4;20; 4;20;24;24;0,16666667;0,8333333; 2,6666667; 3,2000000;1054
105;young;4;3;48;0,7500000; 737,8750; 700,0;36;24;24; 8;16; 4;20;24;24;0,33333333;0,8333333; 2,0000000; 3,0000000;1054
105;young;4;4;48;0,7083333; 681,8958; 645,5;34;24;24; 9;15; 5;19;24;24;0,37500000;0,7916667; 1,6666667; 2,6666667;1054
105;young;6;1;48;0,6875000; 756,4375; 644,5;33;24;24;15; 9; 0;24;24;24;0,62500000;1,0000000; 2,2500000; 6,0000000;1056
105;young;6;2;48;0,5833333; 709,7708; 630,5;28;24;24;17; 7; 3;21;24;24;0,70833333;0,8750000; 1,0000000; 3,4285714;1056
105;young;6;3;48;0,7083333; 738,7917; 635,5;34;24;24;11;13; 3;21;24;24;0,45833333;0,8750000; 2,5000000; 4,6153846;1056
105;young;6;4;48;0,7708333; 848,6667; 706,0;37;24;24; 8;16; 3;21;24;24;0,33333333;0,8750000; 3,2500000; 4,8750000;1056
106;young;2;1;48;0,9791667; 799,0625; 722,0;47;24;24; 0;24; 1;23;24;24;0,00000000;0,9583333; 1,9166667; 1,9166667;1062
106;young;2;2;48;1,0000000; 748,9375; 677,0;48;24;24; 0;24; 0;24;24;24;0,00000000;1,0000000; 2,0000000; 2,0000000;1062
106;young;2;3;48;0,8958333; 897,9792; 819,0;43;24;24; 0;24; 5;19;24;24;0,00000000;0,7916667; 1,5833333; 1,5833333;1062
106;young;2;4;48;1,0000000; 738,5417; 657,5;48;24;24; 0;24; 0;24;24;24;0,00000000;1,0000000; 2,0000000; 2,0000000;1062
106;young;4;1;48;0,9791667; 804,2708; 734,0;47;24;24; 1;23; 0;24;24;24;0,04166667;1,0000000; 3,8333333; 4,0000000;1064
106;young;4;2;48;0,8541667; 882,9167; 734,5;41;24;24; 2;22; 5;19;24;24;0,08333333;0,7916667; 2,8333333; 3,0909091;1064
106;young;4;3;48;0,8333333; 915,0625; 855,0;40;24;24; 2;22; 6;18;24;24;0,08333333;0,7500000; 2,6666667; 2,9090909;1064
106;young;4;4;48;0,9375000; 884,6667; 775,0;45;24;24; 3;21; 0;24;24;24;0,12500000;1,0000000; 3,5000000; 4,0000000;1064
106;young;6;1;48;0,8750000; 918,4167; 793,5;42;24;24; 6;18; 0;24;24;24;0,25000000;1,0000000; 4,5000000; 6,0000000;1066
106;young;6;2;48;0,7916667; 967,6042; 822,0;38;24;24; 8;16; 2;22;24;24;0,33333333;0,9166667; 3,5000000; 5,2500000;1066
106;young;6;3;48;0,6875000;1265,6667;1011,0;33;24;24; 4;20;11;13;24;24;0,16666667;0,5416667; 2,2500000; 2,7000000;1066
106;young;6;4;48;0,8750000;1020,2500; 809,0;42;24;24; 4;20; 2;22;24;24;0,16666667;0,9166667; 4,5000000; 5,4000000;1066
107;young;2;1;48;1,0000000; 909,3125; 732,5;48;24;24; 0;24; 0;24;24;24;0,00000000;1,0000000; 2,0000000; 2,0000000;1072
107;young;2;2;48;0,8750000;1135,6250; 881,5;42;24;24; 0;24; 6;18;24;24;0,00000000;0,7500000; 1,5000000; 1,5000000;1072
107;young;2;3;48;0,7708333;1087,6042; 863,5;37;24;24; 0;24;11;13;24;24;0,00000000;0,5416667; 1,0833333; 1,0833333;1072
107;young;2;4;48;0,9791667;1152,3125; 809,5;47;24;24; 0;24; 1;23;24;24;0,00000000;0,9583333; 1,9166667; 1,9166667;1072
107;young;4;1;48;0,9166667;1039,4583; 932,0;44;24;24; 4;20; 0;24;24;24;0,16666667;1,0000000; 3,3333333; 4,0000000;1074
107;young;4;2;48;0,8750000;1046,3750; 924,0;42;24;24; 2;22; 4;20;24;24;0,08333333;0,8333333; 3,0000000; 3,2727273;1074
107;young;4;3;48;0,7500000;1330,2083;1153,5;36;24;24; 2;22;10;14;24;24;0,08333333;0,5833333; 2,0000000; 2,1818182;1074
107;young;4;4;48;0,8958333;1251,9375;1077,5;43;24;24; 1;23; 4;20;24;24;0,04166667;0,8333333; 3,1666667; 3,3043478;1074
107;young;6;1;48;0,8333333;1264,9792;1101,0;40;24;24; 6;18; 2;22;24;24;0,25000000;0,9166667; 4,0000000; 5,3333333;1076
107;young;6;2;48;0,6666667;1264,2917;1116,0;32;24;24; 7;17; 9;15;24;24;0,29166667;0,6250000; 2,0000000; 2,8235294;1076
107;young;6;3;48;0,7291667;1315,4583;1078,5;35;24;24; 3;21;10;14;24;24;0,12500000;0,5833333; 2,7500000; 3,1428571;1076
107;young;6;4;48;0,7708333;1237,6458;1148,5;37;24;24;10;14; 1;23;24;24;0,41666667;0,9583333; 3,2500000; 5,5714286;1076
108;young;2;1;48;0,9583333; 638,9792; 575,0;46;24;24; 2;22; 0;24;24;24;0,08333333;1,0000000; 1,8333333; 2,0000000;1082
108;young;2;2;48;0,9166667; 687,4792; 609,5;44;24;24; 1;23; 3;21;24;24;0,04166667;0,8750000; 1,6666667; 1,7391304;1082
108;young;2;3;48;0,8750000; 833,5625; 742,5;42;24;24; 1;23; 5;19;24;24;0,04166667;0,7916667; 1,5000000; 1,5652174;1082
108;young;2;4;48;0,9583333; 705,9583; 629,0;46;24;24; 1;23; 1;23;24;24;0,04166667;0,9583333; 1,8333333; 1,9130435;1082
108;young;4;1;48;0,8750000; 700,3333; 602,5;42;24;24; 5;19; 1;23;24;24;0,20833333;0,9583333; 3,0000000; 3,7894737;1084
108;young;4;2;48;0,7916667; 796,5208; 673,0;38;24;24; 1;23; 9;15;24;24;0,04166667;0,6250000; 2,3333333; 2,4347826;1084
108;young;4;3;48;0,7916667; 830,9167; 767,0;38;24;24; 2;22; 8;16;24;24;0,08333333;0,6666667; 2,3333333; 2,5454545;1084
108;young;4;4;48;0,8125000; 790,7708; 707,0;39;24;24; 4;20; 5;19;24;24;0,16666667;0,7916667; 2,5000000; 3,0000000;1084
108;young;6;1;48;0,8125000; 749,1042; 665,0;39;24;24; 8;16; 1;23;24;24;0,33333333;0,9583333; 3,7500000; 5,6250000;1086
108;young;6;2;48;0,7291667; 759,9792; 747,5;35;24;24; 7;17; 6;18;24;24;0,29166667;0,7500000; 2,7500000; 3,8823529;1086
108;young;6;3;48;0,5208333; 861,3125; 713,5;25;24;24; 8;16;15; 9;24;24;0,33333333;0,3750000; 0,2500000; 0,3750000;1086
108;young;6;4;48;0,8125000; 771,8542; 656,0;39;24;24; 6;18; 3;21;24;24;0,25000000;0,8750000; 3,7500000; 5,0000000;1086
109;young;2;1;48;0,9375000; 554,5000; 520,0;45;24;24; 3;21; 0;24;24;24;0,12500000;1,0000000; 1,7500000; 2,0000000;1092
109;young;2;2;48;0,8958333; 831,7917; 593,0;43;24;24; 2;22; 3;21;24;24;0,08333333;0,8750000; 1,5833333; 1,7272727;1092
109;young;2;3;48;0,8333333; 634,6875; 552,5;40;24;24; 3;21; 5;19;24;24;0,12500000;0,7916667; 1,3333333; 1,5238095;1092
109;young;2;4;48;0,9791667; 564,7500; 553,0;47;24;24; 1;23; 0;24;24;24;0,04166667;1,0000000; 1,9166667; 2,0000000;1092
109;young;4;1;48;0,8958333; 589,7083; 551,0;43;24;24; 5;19; 0;24;24;24;0,20833333;1,0000000; 3,1666667; 4,0000000;1094
109;young;4;2;48;0,8541667; 687,6042; 630,5;41;24;24; 4;20; 3;21;24;24;0,16666667;0,8750000; 2,8333333; 3,4000000;1094
109;young;4;3;48;0,7291667; 763,0833; 650,5;35;24;24; 2;22;11;13;24;24;0,08333333;0,5416667; 1,8333333; 2,0000000;1094
109;young;4;4;48;0,8958333; 613,5625; 620,5;43;24;24; 5;19; 0;24;24;24;0,20833333;1,0000000; 3,1666667; 4,0000000;1094
109;young;6;1;48;0,7916667; 653,8125; 572,5;38;24;24;10;14; 0;24;24;24;0,41666667;1,0000000; 3,5000000; 6,0000000;1096
109;young;6;2;48;0,7500000; 711,2500; 678,5;36;24;24; 9;15; 3;21;24;24;0,37500000;0,8750000; 3,0000000; 4,8000000;1096
109;young;6;3;48;0,7708333; 835,6458; 720,5;37;24;24; 6;18; 5;19;24;24;0,25000000;0,7916667; 3,2500000; 4,3333333;1096
109;young;6;4;48;0,7708333; 653,8333; 641,5;37;24;24;11;13; 0;24;24;24;0,45833333;1,0000000; 3,2500000; 6,0000000;1096
110;young;2;1;48;0,9583333; 745,5208; 624,5;46;24;24; 2;22; 0;24;24;24;0,08333333;1,0000000; 1,8333333; 2,0000000;1102
110;young;2;2;48;0,9375000; 799,1250; 701,0;45;24;24; 0;24; 3;21;24;24;0,00000000;0,8750000; 1,7500000; 1,7500000;1102
110;young;2;3;48;0,8333333; 826,6667; 748,5;40;24;24; 2;22; 6;18;24;24;0,08333333;0,7500000; 1,3333333; 1,4545455;1102
110;young;2;4;48;0,9583333; 774,2292; 658,0;46;24;24; 1;23; 1;23;24;24;0,04166667;0,9583333; 1,8333333; 1,9130435;1102
110;young;4;1;48;0,9375000; 698,9375; 645,5;45;24;24; 3;21; 0;24;24;24;0,12500000;1,0000000; 3,5000000; 4,0000000;1104
110;young;4;2;48;0,8333333; 807,2083; 687,5;40;24;24; 2;22; 6;18;24;24;0,08333333;0,7500000; 2,6666667; 2,9090909;1104
110;young;4;3;48;0,6875000; 798,8958; 690,0;33;24;24; 2;22;13;11;24;24;0,08333333;0,4583333; 1,5000000; 1,6363636;1104
110;young;4;4;48;0,8333333; 814,3750; 751,5;40;24;24; 2;22; 6;18;24;24;0,08333333;0,7500000; 2,6666667; 2,9090909;1104
110;young;6;1;48;0,8125000; 873,1250; 684,0;39;24;24; 6;18; 3;21;24;24;0,25000000;0,8750000; 3,7500000; 5,0000000;1106
110;young;6;2;48;0,7916667; 888,0000; 712,0;38;24;24; 3;21; 7;17;24;24;0,12500000;0,7083333; 3,5000000; 4,0000000;1106
110;young;6;3;48;0,7083333; 850,7500; 765,5;34;24;24; 3;21;11;13;24;24;0,12500000;0,5416667; 2,5000000; 2,8571429;1106
110;young;6;4;48;0,7708333; 775,0833; 695,5;37;24;24; 7;17; 4;20;24;24;0,29166667;0,8333333; 3,2500000; 4,5882353;1106
111;young;2;1;48;1,0000000; 905,8750; 824,5;48;24;24; 0;24; 0;24;24;24;0,00000000;1,0000000; 2,0000000; 2,0000000;1112
111;young;2;2;48;0,9583333;1138,8125; 915,0;46;24;24; 1;23; 1;23;24;24;0,04166667;0,9583333; 1,8333333; 1,9130435;1112
111;young;2;3;48;0,9375000;1317,7292;1177,0;45;24;24; 0;24; 3;21;24;24;0,00000000;0,8750000; 1,7500000; 1,7500000;1112
111;young;2;4;48;0,9791667;1006,8750; 932,5;47;24;24; 1;23; 0;24;24;24;0,04166667;1,0000000; 1,9166667; 2,0000000;1112
111;young;4;1;48;0,8958333;1272,0417; 908,5;43;24;24; 5;19; 0;24;24;24;0,20833333;1,0000000; 3,1666667; 4,0000000;1114
111;young;4;2;48;0,7083333;1205,4792;1033,5;34;24;24; 4;20;10;14;24;24;0,16666667;0,5833333; 1,6666667; 2,0000000;1114
111;young;4;3;48;0,8125000;1280,2083;1126,0;39;24;24; 3;21; 6;18;24;24;0,12500000;0,7500000; 2,5000000; 2,8571429;1114
111;young;4;4;48;0,9375000;1214,9167;1064,5;45;24;24; 1;23; 2;22;24;24;0,04166667;0,9166667; 3,5000000; 3,6521739;1114
111;young;6;1;48;0,9166667;1149,8333; 926,0;44;24;24; 3;21; 1;23;24;24;0,12500000;0,9583333; 5,0000000; 5,7142857;1116
111;young;6;2;48;0,8333333;1369,7500;1089,5;40;24;24; 6;18; 2;22;24;24;0,25000000;0,9166667; 4,0000000; 5,3333333;1116
111;young;6;3;48;0,6250000;1294,0625;1056,0;30;24;24; 9;15; 9;15;24;24;0,37500000;0,6250000; 1,5000000; 2,4000000;1116
111;young;6;4;48;0,8125000;1277,7083;1148,5;39;24;24; 5;19; 4;20;24;24;0,20833333;0,8333333; 3,7500000; 4,7368421;1116
112;young;2;1;48;0,9583333; 832,3333; 736,5;46;24;24; 2;22; 0;24;24;24;0,08333333;1,0000000; 1,8333333; 2,0000000;1122
112;young;2;2;48;0,9791667;1111,7708; 957,0;47;24;24; 0;24; 1;23;24;24;0,00000000;0,9583333; 1,9166667; 1,9166667;1122
112;young;2;3;48;0,8541667;1133,7292;1039,0;41;24;24; 3;21; 4;20;24;24;0,12500000;0,8333333; 1,4166667; 1,6190476;1122
112;young;2;4;48;0,9583333;1137,4375; 911,0;46;24;24; 2;22; 0;24;24;24;0,08333333;1,0000000; 1,8333333; 2,0000000;1122
112;young;4;1;48;0,9375000;1095,6875; 935,0;45;24;24; 3;21; 0;24;24;24;0,12500000;1,0000000; 3,5000000; 4,0000000;1124
112;young;4;2;48;0,9166667;1018,2708; 891,0;44;24;24; 1;23; 3;21;24;24;0,04166667;0,8750000; 3,3333333; 3,4782609;1124
112;young;4;3;48;0,7916667;1258,8333;1068,5;38;24;24; 1;23; 9;15;24;24;0,04166667;0,6250000; 2,3333333; 2,4347826;1124
112;young;4;4;48;0,8750000;1111,3333; 991,5;42;24;24; 2;22; 4;20;24;24;0,08333333;0,8333333; 3,0000000; 3,2727273;1124
112;young;6;1;48;0,8125000;1065,3125; 867,5;39;24;24; 7;17; 2;22;24;24;0,29166667;0,9166667; 3,7500000; 5,2941176;1126
112;young;6;2;48;0,7916667;1279,2292;1033,0;38;24;24; 4;20; 6;18;24;24;0,16666667;0,7500000; 3,5000000; 4,2000000;1126
112;young;6;3;48;0,7916667;1088,5000; 975,5;38;24;24; 6;18; 4;20;24;24;0,25000000;0,8333333; 3,5000000; 4,6666667;1126
112;young;6;4;48;0,7083333;1311,3542;1009,0;34;24;24; 9;15; 5;19;24;24;0,37500000;0,7916667; 2,5000000; 4,0000000;1126
113;young;2;1;48;0,9583333; 781,5625; 599,5;46;24;24; 2;22; 0;24;24;24;0,08333333;1,0000000; 1,8333333; 2,0000000;1132
113;young;2;2;48;0,8958333; 815,6250; 652,0;43;24;24; 1;23; 4;20;24;24;0,04166667;0,8333333; 1,5833333; 1,6521739;1132
113;young;2;3;48;0,8958333; 692,0208; 604,5;43;24;24; 0;24; 5;19;24;24;0,00000000;0,7916667; 1,5833333; 1,5833333;1132
113;young;2;4;48;0,9583333; 695,6875; 622,5;46;24;24; 2;22; 0;24;24;24;0,08333333;1,0000000; 1,8333333; 2,0000000;1132
113;young;4;1;48;0,9791667; 732,9167; 607,0;47;24;24; 1;23; 0;24;24;24;0,04166667;1,0000000; 3,8333333; 4,0000000;1134
113;young;4;2;48;0,7708333; 951,4375; 681,0;37;24;24; 2;22; 9;15;24;24;0,08333333;0,6250000; 2,1666667; 2,3636364;1134
113;young;4;3;48;0,8125000; 791,3125; 655,0;39;24;24; 0;24; 9;15;24;24;0,00000000;0,6250000; 2,5000000; 2,5000000;1134
113;young;4;4;48;0,8750000; 698,8750; 633,0;42;24;24; 2;22; 4;20;24;24;0,08333333;0,8333333; 3,0000000; 3,2727273;1134
113;young;6;1;48;0,8958333; 912,5833; 648,5;43;24;24; 5;19; 0;24;24;24;0,20833333;1,0000000; 4,7500000; 6,0000000;1136
113;young;6;2;48;0,6666667; 955,7917; 775,0;32;24;24; 7;17; 9;15;24;24;0,29166667;0,6250000; 2,0000000; 2,8235294;1136
113;young;6;3;48;0,7916667; 990,7292; 756,5;38;24;24; 3;21; 7;17;24;24;0,12500000;0,7083333; 3,5000000; 4,0000000;1136
113;young;6;4;48;0,8125000; 931,1458; 688,5;39;24;24; 6;18; 3;21;24;24;0,25000000;0,8750000; 3,7500000; 5,0000000;1136
114;young;2;1;48;0,9583333;1026,3333; 883,0;46;24;24; 1;23; 1;23;24;24;0,04166667;0,9583333; 1,8333333; 1,9130435;1142
114;young;2;2;48;0,9166667;1156,5000;1054,0;44;24;24; 0;24; 4;20;24;24;0,00000000;0,8333333; 1,6666667; 1,6666667;1142
114;young;2;3;48;0,8958333;1266,1458;1077,5;43;24;24; 1;23; 4;20;24;24;0,04166667;0,8333333; 1,5833333; 1,6521739;1142
114;young;2;4;48;0,9791667;1124,0625; 902,0;47;24;24; 1;23; 0;24;24;24;0,04166667;1,0000000; 1,9166667; 2,0000000;1142
114;young;4;1;48;0,8541667;1191,3958;1086,5;41;24;24; 7;17; 0;24;24;24;0,29166667;1,0000000; 2,8333333; 4,0000000;1144
114;young;4;2;48;0,6666667;1387,5000;1097,0;32;24;24; 8;16; 8;16;24;24;0,33333333;0,6666667; 1,3333333; 2,0000000;1144
114;young;4;3;48;0,7500000;1450,0833;1299,0;36;24;24; 6;18; 6;18;24;24;0,25000000;0,7500000; 2,0000000; 2,6666667;1144
114;young;4;4;48;0,9166667;1152,2292;1097,5;44;24;24; 2;22; 2;22;24;24;0,08333333;0,9166667; 3,3333333; 3,6363636;1144
114;young;6;1;48;0,8125000;1462,0625;1243,5;39;24;24; 9;15; 0;24;24;24;0,37500000;1,0000000; 3,7500000; 6,0000000;1146
114;young;6;2;48;0,7291667;1261,0625;1146,0;35;24;24; 4;20; 9;15;24;24;0,16666667;0,6250000; 2,7500000; 3,3000000;1146
114;young;6;3;48;0,6666667;1370,7292;1127,0;32;24;24; 5;19;11;13;24;24;0,20833333;0,5416667; 2,0000000; 2,5263158;1146
114;young;6;4;48;0,7291667;1318,8750;1258,5;35;24;24; 8;16; 5;19;24;24;0,33333333;0,7916667; 2,7500000; 4,1250000;1146
115;young;2;1;48;0,9583333; 814,9792; 722,0;46;24;24; 2;22; 0;24;24;24;0,08333333;1,0000000; 1,8333333; 2,0000000;1152
115;young;2;2;48;0,9583333; 851,7917; 658,5;46;24;24; 1;23; 1;23;24;24;0,04166667;0,9583333; 1,8333333; 1,9130435;1152
115;young;2;3;48;0,9583333;1080,1667; 896,5;46;24;24; 0;24; 2;22;24;24;0,00000000;0,9166667; 1,8333333; 1,8333333;1152
115;young;2;4;48;1,0000000; 879,7708; 761,0;48;24;24; 0;24; 0;24;24;24;0,00000000;1,0000000; 2,0000000; 2,0000000;1152
115;young;4;1;48;0,8333333; 981,4792; 795,0;40;24;24; 6;18; 2;22;24;24;0,25000000;0,9166667; 2,6666667; 3,5555556;1154
115;young;4;2;48;0,8541667;1045,1667;1000,0;41;24;24; 5;19; 2;22;24;24;0,20833333;0,9166667; 2,8333333; 3,5789474;1154
115;young;4;3;48;0,7708333;1218,7917;1154,0;37;24;24; 6;18; 5;19;24;24;0,25000000;0,7916667; 2,1666667; 2,8888889;1154
115;young;4;4;48;0,8333333;1056,1042; 902,5;40;24;24; 6;18; 2;22;24;24;0,25000000;0,9166667; 2,6666667; 3,5555556;1154
115;young;6;1;48;0,7916667;1170,3542;1005,0;38;24;24; 8;16; 2;22;24;24;0,33333333;0,9166667; 3,5000000; 5,2500000;1156
115;young;6;2;48;0,6458333;1198,8750; 849,0;31;24;24; 9;15; 8;16;24;24;0,37500000;0,6666667; 1,7500000; 2,8000000;1156
115;young;6;3;48;0,7083333;1200,2708;1015,0;34;24;24; 5;19; 9;15;24;24;0,20833333;0,6250000; 2,5000000; 3,1578947;1156
115;young;6;4;48;0,7708333;1053,0417; 909,5;37;24;24; 7;17; 4;20;24;24;0,29166667;0,8333333; 3,2500000; 4,5882353;1156
116;young;2;1;48;0,9583333; 484,4583; 441,5;46;24;24; 2;22; 0;24;24;24;0,08333333;1,0000000; 1,8333333; 2,0000000;1162
116;young;2;2;48;0,9583333; 583,7708; 549,5;46;24;24; 1;23; 1;23;24;24;0,04166667;0,9583333; 1,8333333; 1,9130435;1162
116;young;2;3;48;0,8125000; 660,0833; 513,5;39;24;24; 3;21; 6;18;24;24;0,12500000;0,7500000; 1,2500000; 1,4285714;1162
116;young;2;4;48;0,9583333; 549,7083; 491,0;46;24;24; 1;23; 1;23;24;24;0,04166667;0,9583333; 1,8333333; 1,9130435;1162
116;young;4;1;48;0,8750000; 636,9792; 560,5;42;24;24; 6;18; 0;24;24;24;0,25000000;1,0000000; 3,0000000; 4,0000000;1164
116;young;4;2;48;0,8541667; 607,0625; 550,0;41;24;24; 3;21; 4;20;24;24;0,12500000;0,8333333; 2,8333333; 3,2380952;1164
116;young;4;3;48;0,7291667; 765,0208; 605,0;35;24;24; 3;21;10;14;24;24;0,12500000;0,5833333; 1,8333333; 2,0952381;1164
116;young;4;4;48;0,8125000; 624,1667; 558,0;39;24;24; 7;17; 2;22;24;24;0,29166667;0,9166667; 2,5000000; 3,5294118;1164
116;young;6;1;48;0,7291667; 633,6042; 548,5;35;24;24;13;11; 0;24;24;24;0,54166667;1,0000000; 2,7500000; 6,0000000;1166
116;young;6;2;48;0,6666667; 685,7292; 566,5;32;24;24;12;12; 4;20;24;24;0,50000000;0,8333333; 2,0000000; 4,0000000;1166
116;young;6;3;48;0,7500000; 698,1042; 578,5;36;24;24; 9;15; 3;21;24;24;0,37500000;0,8750000; 3,0000000; 4,8000000;1166
116;young;6;4;48;0,7500000; 616,1458; 545,0;36;24;24;12;12; 0;24;24;24;0,50000000;1,0000000; 3,0000000; 6,0000000;1166
117;young;2;1;48;1,0000000; 810,9167; 681,5;48;24;24; 0;24; 0;24;24;24;0,00000000;1,0000000; 2,0000000; 2,0000000;1172
117;young;2;2;48;0,8750000; 860,3542; 773,0;42;24;24; 2;22; 4;20;24;24;0,08333333;0,8333333; 1,5000000; 1,6363636;1172
117;young;2;3;48;0,7916667; 963,6458; 881,5;38;24;24; 2;22; 8;16;24;24;0,08333333;0,6666667; 1,1666667; 1,2727273;1172
117;young;2;4;48;0,8958333; 924,1458; 774,5;43;24;24; 1;23; 4;20;24;24;0,04166667;0,8333333; 1,5833333; 1,6521739;1172
117;young;4;1;48;0,8750000;1022,4792; 744,5;42;24;24; 6;18; 0;24;24;24;0,25000000;1,0000000; 3,0000000; 4,0000000;1174
117;young;4;2;48;0,7291667;1053,9583; 851,0;35;24;24; 5;19; 8;16;24;24;0,20833333;0,6666667; 1,8333333; 2,3157895;1174
117;young;4;3;48;0,6458333; 878,2500; 768,0;31;24;24; 5;19;12;12;24;24;0,20833333;0,5000000; 1,1666667; 1,4736842;1174
117;young;4;4;48;0,8750000; 853,5208; 739,5;42;24;24; 5;19; 1;23;24;24;0,20833333;0,9583333; 3,0000000; 3,7894737;1174
117;young;6;1;48;0,8541667;1106,9167; 857,5;41;24;24; 5;19; 2;22;24;24;0,20833333;0,9166667; 4,2500000; 5,3684211;1176
117;young;6;2;48;0,7500000;1128,8333; 948,5;36;24;24; 7;17; 5;19;24;24;0,29166667;0,7916667; 3,0000000; 4,2352941;1176
117;young;6;3;48;0,7083333;1090,5208; 876,5;34;24;24; 6;18; 8;16;24;24;0,25000000;0,6666667; 2,5000000; 3,3333333;1176
117;young;6;4;48;0,5625000;1012,8125; 934,5;27;24;24;13;11; 8;16;24;24;0,54166667;0,6666667; 0,7500000; 1,6363636;1176
118;young;2;1;48;0,9791667; 589,0833; 557,0;47;24;24; 1;23; 0;24;24;24;0,04166667;1,0000000; 1,9166667; 2,0000000;1182
118;young;2;2;48;0,9583333; 628,6042; 599,5;46;24;24; 0;24; 2;22;24;24;0,00000000;0,9166667; 1,8333333; 1,8333333;1182
118;young;2;3;48;0,8333333; 733,5625; 654,5;40;24;24; 1;23; 7;17;24;24;0,04166667;0,7083333; 1,3333333; 1,3913043;1182
118;young;2;4;48;0,9791667; 647,5417; 569,0;47;24;24; 1;23; 0;24;24;24;0,04166667;1,0000000; 1,9166667; 2,0000000;1182
118;young;4;1;48;0,9583333; 620,1042; 583,0;46;24;24; 2;22; 0;24;24;24;0,08333333;1,0000000; 3,6666667; 4,0000000;1184
118;young;4;2;48;0,7500000; 779,2292; 676,5;36;24;24; 8;16; 4;20;24;24;0,33333333;0,8333333; 2,0000000; 3,0000000;1184
118;young;4;3;48;0,6666667; 782,2708; 751,0;32;24;24; 7;17; 9;15;24;24;0,29166667;0,6250000; 1,3333333; 1,8823529;1184
118;young;4;4;48;0,8958333; 689,8958; 622,0;43;24;24; 5;19; 0;24;24;24;0,20833333;1,0000000; 3,1666667; 4,0000000;1184
118;young;6;1;48;0,9166667; 743,5000; 662,5;44;24;24; 4;20; 0;24;24;24;0,16666667;1,0000000; 5,0000000; 6,0000000;1186
118;young;6;2;48;0,7500000; 878,3333; 719,5;36;24;24; 7;17; 5;19;24;24;0,29166667;0,7916667; 3,0000000; 4,2352941;1186
118;young;6;3;48;0,7083333; 824,6875; 704,0;34;24;24; 7;17; 7;17;24;24;0,29166667;0,7083333; 2,5000000; 3,5294118;1186
118;young;6;4;48;0,7708333; 798,0208; 658,5;37;24;24;10;14; 1;23;24;24;0,41666667;0,9583333; 3,2500000; 5,5714286;1186
119;young;2;1;48;1,0000000; 619,2500; 571,0;48;24;24; 0;24; 0;24;24;24;0,00000000;1,0000000; 2,0000000; 2,0000000;1192
119;young;2;2;48;0,9166667; 824,3750; 637,0;44;24;24; 1;23; 3;21;24;24;0,04166667;0,8750000; 1,6666667; 1,7391304;1192
119;young;2;3;48;0,9166667; 755,4583; 716,5;44;24;24; 0;24; 4;20;24;24;0,00000000;0,8333333; 1,6666667; 1,6666667;1192
119;young;2;4;48;0,9375000; 693,5833; 600,0;45;24;24; 0;24; 3;21;24;24;0,00000000;0,8750000; 1,7500000; 1,7500000;1192
119;young;4;1;48;0,9791667; 758,8750; 666,5;47;24;24; 1;23; 0;24;24;24;0,04166667;1,0000000; 3,8333333; 4,0000000;1194
119;young;4;2;48;0,8750000; 864,1667; 706,5;42;24;24; 0;24; 6;18;24;24;0,00000000;0,7500000; 3,0000000; 3,0000000;1194
119;young;4;3;48;0,7291667; 947,7708; 745,5;35;24;24; 2;22;11;13;24;24;0,08333333;0,5416667; 1,8333333; 2,0000000;1194
119;young;4;4;48;0,9791667; 819,5000; 662,5;47;24;24; 1;23; 0;24;24;24;0,04166667;1,0000000; 3,8333333; 4,0000000;1194
119;young;6;1;48;0,8750000; 997,6458; 755,5;42;24;24; 4;20; 2;22;24;24;0,16666667;0,9166667; 4,5000000; 5,4000000;1196
119;young;6;2;48;0,6666667;1123,2708; 933,0;32;24;24; 4;20;12;12;24;24;0,16666667;0,5000000; 2,0000000; 2,4000000;1196
119;young;6;3;48;0,7291667;1027,6250; 973,5;35;24;24; 6;18; 7;17;24;24;0,25000000;0,7083333; 2,7500000; 3,6666667;1196
119;young;6;4;48;0,7500000;1095,9583; 914,0;36;24;24; 4;20; 8;16;24;24;0,16666667;0,6666667; 3,0000000; 3,6000000;1196
120;young;2;1;48;1,0000000; 706,8125; 607,5;48;24;24; 0;24; 0;24;24;24;0,00000000;1,0000000; 2,0000000; 2,0000000;1202
120;young;2;2;48;0,8958333; 945,9375; 628,0;43;24;24; 0;24; 5;19;24;24;0,00000000;0,7916667; 1,5833333; 1,5833333;1202
120;young;2;3;48;0,8541667; 807,3750; 719,5;41;24;24; 1;23; 6;18;24;24;0,04166667;0,7500000; 1,4166667; 1,4782609;1202
120;young;2;4;48;0,9583333; 682,2292; 624,5;46;24;24; 0;24; 2;22;24;24;0,00000000;0,9166667; 1,8333333; 1,8333333;1202
120;young;4;1;48;0,8958333; 918,1667; 770,0;43;24;24; 5;19; 0;24;24;24;0,20833333;1,0000000; 3,1666667; 4,0000000;1204
120;young;4;2;48;0,7916667; 884,4167; 761,0;38;24;24; 6;18; 4;20;24;24;0,25000000;0,8333333; 2,3333333; 3,1111111;1204
120;young;4;3;48;0,6875000; 950,3125; 844,5;33;24;24; 6;18; 9;15;24;24;0,25000000;0,6250000; 1,5000000; 2,0000000;1204
120;young;4;4;48;0,9375000; 903,5625; 692,0;45;24;24; 1;23; 2;22;24;24;0,04166667;0,9166667; 3,5000000; 3,6521739;1204
120;young;6;1;48;0,7708333; 694,4583; 646,5;37;24;24;11;13; 0;24;24;24;0,45833333;1,0000000; 3,2500000; 6,0000000;1206
120;young;6;2;48;0,7291667; 783,6458; 720,5;35;24;24; 9;15; 4;20;24;24;0,37500000;0,8333333; 2,7500000; 4,4000000;1206
120;young;6;3;48;0,5000000; 811,5833; 682,5;24;24;24;14;10;10;14;24;24;0,58333333;0,5833333; 0,0000000; 0,0000000;1206
120;young;6;4;48;0,6875000; 767,9167; 674,0;33;24;24;14;10; 1;23;24;24;0,58333333;0,9583333; 2,2500000; 5,4000000;1206
201;old;2;1;48;1,0000000; 758,1250; 714,0;48;24;24; 0;24; 0;24;24;24;0,00000000;1,0000000; 2,0000000; 2,0000000;2012
201;old;2;2;48;0,8958333; 796,4375; 724,0;43;24;24; 0;24; 5;19;24;24;0,00000000;0,7916667; 1,5833333; 1,5833333;2012
201;old;2;3;48;0,8541667; 886,0417; 685,5;41;24;24; 0;24; 7;17;24;24;0,00000000;0,7083333; 1,4166667; 1,4166667;2012
201;old;2;4;48;0,8958333; 701,8958; 683,0;43;24;24; 0;24; 5;19;24;24;0,00000000;0,7916667; 1,5833333; 1,5833333;2012
201;old;4;1;48;0,7916667; 917,3542; 754,0;38;24;24;10;14; 0;24;24;24;0,41666667;1,0000000; 2,3333333; 4,0000000;2014
201;old;4;2;48;0,5833333;1088,8125; 898,0;28;24;24; 8;16;12;12;24;24;0,33333333;0,5000000; 0,6666667; 1,0000000;2014
201;old;4;3;48;0,7083333; 957,0000; 837,5;34;24;24; 6;18; 8;16;24;24;0,25000000;0,6666667; 1,6666667; 2,2222222;2014
201;old;4;4;48;0,8750000; 850,1042; 770,0;42;24;24; 5;19; 1;23;24;24;0,20833333;0,9583333; 3,0000000; 3,7894737;2014
201;old;6;1;48;0,7083333; 818,7708; 752,0;34;24;24;13;11; 1;23;24;24;0,54166667;0,9583333; 2,5000000; 5,4545455;2016
201;old;6;2;48;0,6875000;1049,3333; 956,5;33;24;24;11;13; 4;20;24;24;0,45833333;0,8333333; 2,2500000; 4,1538462;2016
201;old;6;3;48;0,6041667; 913,7708; 803,0;29;24;24;14;10; 5;19;24;24;0,58333333;0,7916667; 1,2500000; 3,0000000;2016
201;old;6;4;48;0,6458333; 962,5833; 746,0;31;24;24;16; 8; 1;23;24;24;0,66666667;0,9583333; 1,7500000; 5,2500000;2016
202;old;2;1;48;1,0000000; 845,5833; 799,0;48;24;24; 0;24; 0;24;24;24;0,00000000;1,0000000; 2,0000000; 2,0000000;2022
202;old;2;2;48;0,9375000; 902,3125; 805,5;45;24;24; 0;24; 3;21;24;24;0,00000000;0,8750000; 1,7500000; 1,7500000;2022
202;old;2;3;48;0,8125000; 917,3333; 827,5;39;24;24; 1;23; 8;16;24;24;0,04166667;0,6666667; 1,2500000; 1,3043478;2022
202;old;2;4;48;0,9791667; 853,3125; 815,0;47;24;24; 0;24; 1;23;24;24;0,00000000;0,9583333; 1,9166667; 1,9166667;2022
202;old;4;1;48;0,8958333; 986,6667; 911,0;43;24;24; 4;20; 1;23;24;24;0,16666667;0,9583333; 3,1666667; 3,8000000;2024
202;old;4;2;48;0,7083333; 965,2500; 895,5;34;24;24; 5;19; 9;15;24;24;0,20833333;0,6250000; 1,6666667; 2,1052632;2024
202;old;4;3;48;0,7083333;1003,7917; 986,0;34;24;24; 4;20;10;14;24;24;0,16666667;0,5833333; 1,6666667; 2,0000000;2024
202;old;4;4;48;0,8541667;1015,6875; 883,0;41;24;24; 2;22; 5;19;24;24;0,08333333;0,7916667; 2,8333333; 3,0909091;2024
202;old;6;1;48;0,8750000;1012,5625; 968,0;42;24;24; 3;21; 3;21;24;24;0,12500000;0,8750000; 4,5000000; 5,1428571;2026
202;old;6;2;48;0,7708333;1023,6458; 985,5;37;24;24; 4;20; 7;17;24;24;0,16666667;0,7083333; 3,2500000; 3,9000000;2026
202;old;6;3;48;0,6666667;1100,4167; 983,0;32;24;24; 5;19;11;13;24;24;0,20833333;0,5416667; 2,0000000; 2,5263158;2026
202;old;6;4;48;0,7708333;1024,3125; 926,0;37;24;24;10;14; 1;23;24;24;0,41666667;0,9583333; 3,2500000; 5,5714286;2026
203;old;2;1;48;0,9791667;1155,0625;1105,0;47;24;24; 1;23; 0;24;24;24;0,04166667;1,0000000; 1,9166667; 2,0000000;2032
203;old;2;2;48;0,8750000;1400,1875;1283,5;42;24;24; 1;23; 5;19;24;24;0,04166667;0,7916667; 1,5000000; 1,5652174;2032
203;old;2;3;48;0,8333333;1276,0000;1161,0;40;24;24; 1;23; 7;17;24;24;0,04166667;0,7083333; 1,3333333; 1,3913043;2032
203;old;2;4;48;0,9375000;1206,8333;1146,5;45;24;24; 1;23; 2;22;24;24;0,04166667;0,9166667; 1,7500000; 1,8260870;2032
203;old;4;1;48;0,9375000;1421,5000;1282,0;45;24;24; 3;21; 0;24;24;24;0,12500000;1,0000000; 3,5000000; 4,0000000;2034
203;old;4;2;48;0,8125000;1546,1250;1481,0;39;24;24; 1;23; 8;16;24;24;0,04166667;0,6666667; 2,5000000; 2,6086957;2034
203;old;4;3;48;0,6666667;1510,6458;1443,0;32;24;24; 4;20;12;12;24;24;0,16666667;0,5000000; 1,3333333; 1,6000000;2034
203;old;4;4;48;0,8541667;1540,8958;1508,5;41;24;24; 5;19; 2;22;24;24;0,20833333;0,9166667; 2,8333333; 3,5789474;2034
203;old;6;1;48;0,7500000;1546,8125;1402,5;36;24;24;10;14; 2;22;24;24;0,41666667;0,9166667; 3,0000000; 5,1428571;2036
203;old;6;2;48;0,7083333;1652,8125;1491,5;34;24;24; 8;16; 6;18;24;24;0,33333333;0,7500000; 2,5000000; 3,7500000;2036
203;old;6;3;48;0,5833333;1647,9583;1513,0;28;24;24; 4;20;16; 8;24;24;0,16666667;0,3333333; 1,0000000; 1,2000000;2036
203;old;6;4;48;0,7916667;1661,5833;1538,0;38;24;24; 8;16; 2;22;24;24;0,33333333;0,9166667; 3,5000000; 5,2500000;2036
204;old;2;1;48;0,9375000; 728,3542; 626,0;45;24;24; 3;21; 0;24;24;24;0,12500000;1,0000000; 1,7500000; 2,0000000;2042
204;old;2;2;48;0,8541667; 781,6042; 702,0;41;24;24; 4;20; 3;21;24;24;0,16666667;0,8750000; 1,4166667; 1,7000000;2042
204;old;2;3;48;0,8541667; 853,7292; 749,5;41;24;24; 1;23; 6;18;24;24;0,04166667;0,7500000; 1,4166667; 1,4782609;2042
204;old;2;4;48;0,9583333; 756,2917; 690,0;46;24;24; 2;22; 0;24;24;24;0,08333333;1,0000000; 1,8333333; 2,0000000;2042
204;old;4;1;48;0,8750000; 711,9583; 700,0;42;24;24; 5;19; 1;23;24;24;0,20833333;0,9583333; 3,0000000; 3,7894737;2044
204;old;4;2;48;0,7708333; 939,5833; 760,0;37;24;24; 7;17; 4;20;24;24;0,29166667;0,8333333; 2,1666667; 3,0588235;2044
204;old;4;3;48;0,7083333; 882,8125; 828,5;34;24;24; 7;17; 7;17;24;24;0,29166667;0,7083333; 1,6666667; 2,3529412;2044
204;old;4;4;48;0,9166667; 832,1875; 733,0;44;24;24; 4;20; 0;24;24;24;0,16666667;1,0000000; 3,3333333; 4,0000000;2044
204;old;6;1;48;0,7708333; 742,5000; 675,5;37;24;24;10;14; 1;23;24;24;0,41666667;0,9583333; 3,2500000; 5,5714286;2046
204;old;6;2;48;0,6458333; 773,8750; 699,5;31;24;24;11;13; 6;18;24;24;0,45833333;0,7500000; 1,7500000; 3,2307692;2046
204;old;6;3;48;0,7291667; 852,5625; 777,0;35;24;24; 7;17; 6;18;24;24;0,29166667;0,7500000; 2,7500000; 3,8823529;2046
204;old;6;4;48;0,7291667; 777,0000; 687,0;35;24;24;12;12; 1;23;24;24;0,50000000;0,9583333; 2,7500000; 5,5000000;2046
205;old;2;1;48;1,0000000;1003,4375; 922,0;48;24;24; 0;24; 0;24;24;24;0,00000000;1,0000000; 2,0000000; 2,0000000;2052
205;old;2;2;48;0,9791667;1155,8333; 978,5;47;24;24; 0;24; 1;23;24;24;0,00000000;0,9583333; 1,9166667; 1,9166667;2052
205;old;2;3;48;0,9791667;1060,6042; 987,5;47;24;24; 0;24; 1;23;24;24;0,00000000;0,9583333; 1,9166667; 1,9166667;2052
205;old;2;4;48;1,0000000;1012,3125; 908,0;48;24;24; 0;24; 0;24;24;24;0,00000000;1,0000000; 2,0000000; 2,0000000;2052
205;old;4;1;48;0,9583333;1326,8333;1009,5;46;24;24; 2;22; 0;24;24;24;0,08333333;1,0000000; 3,6666667; 4,0000000;2054
205;old;4;2;48;0,8541667;1799,0208;1234,0;41;24;24; 4;20; 3;21;24;24;0,16666667;0,8750000; 2,8333333; 3,4000000;2054
205;old;4;3;48;0,6875000;1750,3958;1318,5;33;24;24; 5;19;10;14;24;24;0,20833333;0,5833333; 1,5000000; 1,8947368;2054
205;old;4;4;48;0,8958333;1217,2500;1114,0;43;24;24; 4;20; 1;23;24;24;0,16666667;0,9583333; 3,1666667; 3,8000000;2054
205;old;6;1;48;0,7708333;1468,8958;1100,0;37;24;24;11;13; 0;24;24;24;0,45833333;1,0000000; 3,2500000; 6,0000000;2056
205;old;6;2;48;0,7083333;2179,9792;1400,0;34;24;24; 9;15; 5;19;24;24;0,37500000;0,7916667; 2,5000000; 4,0000000;2056
205;old;6;3;48;0,6250000;1923,6875;1529,0;30;24;24; 9;15; 9;15;24;24;0,37500000;0,6250000; 1,5000000; 2,4000000;2056
205;old;6;4;48;0,7708333;1762,4375;1459,0;37;24;24; 7;17; 4;20;24;24;0,29166667;0,8333333; 3,2500000; 4,5882353;2056
206;old;2;1;48;1,0000000;1352,3333;1065,5;48;24;24; 0;24; 0;24;24;24;0,00000000;1,0000000; 2,0000000; 2,0000000;2062
206;old;2;2;48;0,8750000;1504,8750;1190,5;42;24;24; 3;21; 3;21;24;24;0,12500000;0,8750000; 1,5000000; 1,7142857;2062
206;old;2;3;48;0,9583333;1390,7083;1250,5;46;24;24; 0;24; 2;22;24;24;0,00000000;0,9166667; 1,8333333; 1,8333333;2062
206;old;2;4;48;1,0000000;1493,5208;1189,5;48;24;24; 0;24; 0;24;24;24;0,00000000;1,0000000; 2,0000000; 2,0000000;2062
206;old;4;1;48;0,8750000;1604,8333;1376,0;42;24;24; 6;18; 0;24;24;24;0,25000000;1,0000000; 3,0000000; 4,0000000;2064
206;old;4;2;48;0,6666667;1526,0625;1293,0;32;24;24; 6;18;10;14;24;24;0,25000000;0,5833333; 1,3333333; 1,7777778;2064
206;old;4;3;48;0,6666667;1660,3958;1434,5;32;24;24; 5;19;11;13;24;24;0,20833333;0,5416667; 1,3333333; 1,6842105;2064
206;old;4;4;48;0,7708333;1469,9792;1411,5;37;24;24; 5;19; 6;18;24;24;0,20833333;0,7500000; 2,1666667; 2,7368421;2064
206;old;6;1;48;0,6875000;1573,6250;1239,5;33;24;24;15; 9; 0;24;24;24;0,62500000;1,0000000; 2,2500000; 6,0000000;2066
206;old;6;2;48;0,7291667;1540,3958;1381,5;35;24;24; 9;15; 4;20;24;24;0,37500000;0,8333333; 2,7500000; 4,4000000;2066
206;old;6;3;48;0,6458333;1829,2917;1480,0;31;24;24;14;10; 3;21;24;24;0,58333333;0,8750000; 1,7500000; 4,2000000;2066
206;old;6;4;48;0,7291667;1574,2500;1313,0;35;24;24;12;12; 1;23;24;24;0,50000000;0,9583333; 2,7500000; 5,5000000;2066
207;old;2;1;48;1,0000000;1048,2917; 980,5;48;24;24; 0;24; 0;24;24;24;0,00000000;1,0000000; 2,0000000; 2,0000000;2072
207;old;2;2;48;0,8750000;1511,0208;1088,0;42;24;24; 0;24; 6;18;24;24;0,00000000;0,7500000; 1,5000000; 1,5000000;2072
207;old;2;3;48;0,7916667;1464,4375;1086,0;38;24;24; 3;21; 7;17;24;24;0,12500000;0,7083333; 1,1666667; 1,3333333;2072
207;old;2;4;48;0,9583333;1057,1042;1060,0;46;24;24; 0;24; 2;22;24;24;0,00000000;0,9166667; 1,8333333; 1,8333333;2072
207;old;4;1;48;0,8541667;1308,4792;1002,5;41;24;24; 5;19; 2;22;24;24;0,20833333;0,9166667; 2,8333333; 3,5789474;2074
207;old;4;2;48;0,8125000;1586,9167;1249,0;39;24;24; 5;19; 4;20;24;24;0,20833333;0,8333333; 2,5000000; 3,1578947;2074
207;old;4;3;48;0,7708333;1555,2083;1241,0;37;24;24; 5;19; 6;18;24;24;0,20833333;0,7500000; 2,1666667; 2,7368421;2074
207;old;4;4;48;0,7500000;1641,2083;1165,5;36;24;24; 7;17; 5;19;24;24;0,29166667;0,7916667; 2,0000000; 2,8235294;2074
207;old;6;1;48;0,7500000;1241,5000;1072,5;36;24;24;12;12; 0;24;24;24;0,50000000;1,0000000; 3,0000000; 6,0000000;2076
207;old;6;2;48;0,6875000;1411,4167;1126,5;33;24;24;13;11; 2;22;24;24;0,54166667;0,9166667; 2,2500000; 4,9090909;2076
207;old;6;3;48;0,5625000;1550,0833;1188,0;27;24;24;16; 8; 5;19;24;24;0,66666667;0,7916667; 0,7500000; 2,2500000;2076
207;old;6;4;48;0,7291667;1580,7708;1114,0;35;24;24;12;12; 1;23;24;24;0,50000000;0,9583333; 2,7500000; 5,5000000;2076
208;old;2;1;48;1,0000000; 977,4583; 953,5;48;24;24; 0;24; 0;24;24;24;0,00000000;1,0000000; 2,0000000; 2,0000000;2082
208;old;2;2;48;0,8958333;1090,8333;1058,5;43;24;24; 1;23; 4;20;24;24;0,04166667;0,8333333; 1,5833333; 1,6521739;2082
208;old;2;3;48;0,7708333;1090,6042; 968,5;37;24;24; 1;23;10;14;24;24;0,04166667;0,5833333; 1,0833333; 1,1304348;2082
208;old;2;4;48;0,9375000;1044,2500; 917,5;45;24;24; 1;23; 2;22;24;24;0,04166667;0,9166667; 1,7500000; 1,8260870;2082
208;old;4;1;48;0,9583333;1197,5208;1155,5;46;24;24; 1;23; 1;23;24;24;0,04166667;0,9583333; 3,6666667; 3,8260870;2084
208;old;4;2;48;0,8541667;1414,8542;1158,5;41;24;24; 0;24; 7;17;24;24;0,00000000;0,7083333; 2,8333333; 2,8333333;2084
208;old;4;3;48;0,7708333;1161,2083;1104,0;37;24;24; 4;20; 7;17;24;24;0,16666667;0,7083333; 2,1666667; 2,6000000;2084
208;old;4;4;48;0,8333333;1192,8750;1100,5;40;24;24; 1;23; 7;17;24;24;0,04166667;0,7083333; 2,6666667; 2,7826087;2084
208;old;6;1;48;0,8125000;1222,8125;1105,0;39;24;24; 8;16; 1;23;24;24;0,33333333;0,9583333; 3,7500000; 5,6250000;2086
208;old;6;2;48;0,5833333;1137,4792;1083,0;28;24;24; 8;16;12;12;24;24;0,33333333;0,5000000; 1,0000000; 1,5000000;2086
208;old;6;3;48;0,6250000;1108,7292;1051,0;30;24;24; 8;16;10;14;24;24;0,33333333;0,5833333; 1,5000000; 2,2500000;2086
208;old;6;4;48;0,6458333;1156,5000;1125,5;31;24;24; 9;15; 8;16;24;24;0,37500000;0,6666667; 1,7500000; 2,8000000;2086
209;old;2;1;48;0,9791667;1357,1042;1247,0;47;24;24; 1;23; 0;24;24;24;0,04166667;1,0000000; 1,9166667; 2,0000000;2092
209;old;2;2;48;0,8333333;1847,6458;1434,5;40;24;24; 1;23; 7;17;24;24;0,04166667;0,7083333; 1,3333333; 1,3913043;2092
209;old;2;3;48;0,8333333;2484,8542;1409,0;40;24;24; 2;22; 6;18;24;24;0,08333333;0,7500000; 1,3333333; 1,4545455;2092
209;old;2;4;48;0,8958333;1844,9583;1293,5;43;24;24; 1;23; 4;20;24;24;0,04166667;0,8333333; 1,5833333; 1,6521739;2092
209;old;4;1;48;0,8958333;1700,1667;1428,5;43;24;24; 4;20; 1;23;24;24;0,16666667;0,9583333; 3,1666667; 3,8000000;2094
209;old;4;2;48;0,6041667;2618,0625;2006,0;29;24;24; 7;17;12;12;24;24;0,29166667;0,5000000; 0,8333333; 1,1764706;2094
209;old;4;3;48;0,6250000;2255,5417;1934,0;30;24;24; 5;19;13;11;24;24;0,20833333;0,4583333; 1,0000000; 1,2631579;2094
209;old;4;4;48;0,8958333;1938,2500;1529,0;43;24;24; 3;21; 2;22;24;24;0,12500000;0,9166667; 3,1666667; 3,6190476;2094
209;old;6;1;48;0,7083333;2042,8333;1740,0;34;24;24;12;12; 2;22;24;24;0,50000000;0,9166667; 2,5000000; 5,0000000;2096
209;old;6;2;48;0,6875000;2662,2292;1874,5;33;24;24; 9;15; 6;18;24;24;0,37500000;0,7500000; 2,2500000; 3,6000000;2096
209;old;6;3;48;0,6666667;2069,2500;1876,5;32;24;24; 5;19;11;13;24;24;0,20833333;0,5416667; 2,0000000; 2,5263158;2096
209;old;6;4;48;0,7083333;1931,0000;1627,5;34;24;24;11;13; 3;21;24;24;0,45833333;0,8750000; 2,5000000; 4,6153846;2096
210;old;2;1;48;1,0000000; 757,8958; 736,5;48;24;24; 0;24; 0;24;24;24;0,00000000;1,0000000; 2,0000000; 2,0000000;2102
210;old;2;2;48;0,9375000; 890,2917; 828,5;45;24;24; 1;23; 2;22;24;24;0,04166667;0,9166667; 1,7500000; 1,8260870;2102
210;old;2;3;48;0,9166667; 992,6458; 901,5;44;24;24; 1;23; 3;21;24;24;0,04166667;0,8750000; 1,6666667; 1,7391304;2102
210;old;2;4;48;0,9791667; 811,4167; 717,0;47;24;24; 1;23; 0;24;24;24;0,04166667;1,0000000; 1,9166667; 2,0000000;2102
210;old;4;1;48;0,8958333; 943,8125; 757,0;43;24;24; 5;19; 0;24;24;24;0,20833333;1,0000000; 3,1666667; 4,0000000;2104
210;old;4;2;48;0,6875000;1107,9167; 948,0;33;24;24; 6;18; 9;15;24;24;0,25000000;0,6250000; 1,5000000; 2,0000000;2104
210;old;4;3;48;0,8333333;1115,1458;1022,5;40;24;24; 1;23; 7;17;24;24;0,04166667;0,7083333; 2,6666667; 2,7826087;2104
210;old;4;4;48;0,8958333;1074,4375; 869,5;43;24;24; 4;20; 1;23;24;24;0,16666667;0,9583333; 3,1666667; 3,8000000;2104
210;old;6;1;48;0,7500000;1043,1458; 894,5;36;24;24;12;12; 0;24;24;24;0,50000000;1,0000000; 3,0000000; 6,0000000;2106
210;old;6;2;48;0,6041667;1181,2083;1071,0;29;24;24;12;12; 7;17;24;24;0,50000000;0,7083333; 1,2500000; 2,5000000;2106
210;old;6;3;48;0,6875000;1104,9375;1035,5;33;24;24;11;13; 4;20;24;24;0,45833333;0,8333333; 2,2500000; 4,1538462;2106
210;old;6;4;48;0,8333333;1074,6875; 980,5;40;24;24; 7;17; 1;23;24;24;0,29166667;0,9583333; 4,0000000; 5,6470588;2106
211;old;2;1;48;1,0000000; 951,6875; 874,5;48;24;24; 0;24; 0;24;24;24;0,00000000;1,0000000; 2,0000000; 2,0000000;2112
211;old;2;2;48;0,8750000; 986,5833; 886,5;42;24;24; 0;24; 6;18;24;24;0,00000000;0,7500000; 1,5000000; 1,5000000;2112
211;old;2;3;48;0,7291667;1001,2083; 968,5;35;24;24; 0;24;13;11;24;24;0,00000000;0,4583333; 0,9166667; 0,9166667;2112
211;old;2;4;48;0,8333333; 983,6667; 874,0;40;24;24; 3;21; 5;19;24;24;0,12500000;0,7916667; 1,3333333; 1,5238095;2112
211;old;4;1;48;0,9375000;1120,2083;1062,5;45;24;24; 2;22; 1;23;24;24;0,08333333;0,9583333; 3,5000000; 3,8181818;2114
211;old;4;2;48;0,7291667;1045,9375;1007,0;35;24;24; 1;23;12;12;24;24;0,04166667;0,5000000; 1,8333333; 1,9130435;2114
211;old;4;3;48;0,5833333;1168,9792;1127,0;28;24;24; 6;18;14;10;24;24;0,25000000;0,4166667; 0,6666667; 0,8888889;2114
211;old;4;4;48;0,8333333;1058,5833;1010,0;40;24;24; 6;18; 2;22;24;24;0,25000000;0,9166667; 2,6666667; 3,5555556;2114
211;old;6;1;48;0,6458333;1194,7083;1128,5;31;24;24;15; 9; 2;22;24;24;0,62500000;0,9166667; 1,7500000; 4,6666667;2116
211;old;6;2;48;0,5208333;1250,1458;1172,5;25;24;24;12;12;11;13;24;24;0,50000000;0,5416667; 0,2500000; 0,5000000;2116
211;old;6;3;48;0,4791667;1223,2292;1135,5;23;24;24;11;13;14;10;24;24;0,45833333;0,4166667;-0,2500000;-0,4615385;2116
211;old;6;4;48;0,7083333;1174,9583;1070,0;34;24;24; 8;16; 6;18;24;24;0,33333333;0,7500000; 2,5000000; 3,7500000;2116
212;old;2;1;48;0,9583333;1446,6667;1290,5;46;24;24; 2;22; 0;24;24;24;0,08333333;1,0000000; 1,8333333; 2,0000000;2122
212;old;2;2;48;0,8958333;1529,1458;1211,0;43;24;24; 1;23; 4;20;24;24;0,04166667;0,8333333; 1,5833333; 1,6521739;2122
212;old;2;3;48;0,8750000;1936,6042;1564,5;42;24;24; 2;22; 4;20;24;24;0,08333333;0,8333333; 1,5000000; 1,6363636;2122
212;old;2;4;48;0,9791667;1660,7292;1220,5;47;24;24; 0;24; 1;23;24;24;0,00000000;0,9583333; 1,9166667; 1,9166667;2122
212;old;4;1;48;0,9166667;1597,6667;1270,5;44;24;24; 2;22; 2;22;24;24;0,08333333;0,9166667; 3,3333333; 3,6363636;2124
212;old;4;2;48;0,6875000;1983,2083;1432,0;33;24;24; 4;20;11;13;24;24;0,16666667;0,5416667; 1,5000000; 1,8000000;2124
212;old;4;3;48;0,6666667;1955,1875;1605,0;32;24;24; 4;20;12;12;24;24;0,16666667;0,5000000; 1,3333333; 1,6000000;2124
212;old;4;4;48;0,8958333;1640,1250;1365,0;43;24;24; 1;23; 4;20;24;24;0,04166667;0,8333333; 3,1666667; 3,3043478;2124
212;old;6;1;48;0,7916667;2308,9583;1709,5;38;24;24; 7;17; 3;21;24;24;0,29166667;0,8750000; 3,5000000; 4,9411765;2126
212;old;6;2;48;0,7291667;2056,1667;1660,0;35;24;24; 2;22;11;13;24;24;0,08333333;0,5416667; 2,7500000; 3,0000000;2126
212;old;6;3;48;0,6250000;2148,5417;1711,5;30;24;24; 4;20;14;10;24;24;0,16666667;0,4166667; 1,5000000; 1,8000000;2126
212;old;6;4;48;0,7083333;2230,2292;1952,5;34;24;24; 7;17; 7;17;24;24;0,29166667;0,7083333; 2,5000000; 3,5294118;2126
213;old;2;1;48;0,9791667; 936,1042; 755,0;47;24;24; 1;23; 0;24;24;24;0,04166667;1,0000000; 1,9166667; 2,0000000;2132
213;old;2;2;48;0,9166667;1256,9583;1024,5;44;24;24; 1;23; 3;21;24;24;0,04166667;0,8750000; 1,6666667; 1,7391304;2132
213;old;2;3;48;0,9375000;1344,5208;1059,5;45;24;24; 0;24; 3;21;24;24;0,00000000;0,8750000; 1,7500000; 1,7500000;2132
213;old;2;4;48;1,0000000; 914,4792; 841,0;48;24;24; 0;24; 0;24;24;24;0,00000000;1,0000000; 2,0000000; 2,0000000;2132
213;old;4;1;48;0,9166667;1086,3958; 815,0;44;24;24; 4;20; 0;24;24;24;0,16666667;1,0000000; 3,3333333; 4,0000000;2134
213;old;4;2;48;0,8541667;1417,4375;1121,0;41;24;24; 3;21; 4;20;24;24;0,12500000;0,8333333; 2,8333333; 3,2380952;2134
213;old;4;3;48;0,7500000;1298,6042; 961,5;36;24;24; 2;22;10;14;24;24;0,08333333;0,5833333; 2,0000000; 2,1818182;2134
213;old;4;4;48;0,8125000;1375,9167;1029,5;39;24;24; 7;17; 2;22;24;24;0,29166667;0,9166667; 2,5000000; 3,5294118;2134
213;old;6;1;48;0,8750000;1155,2083; 845,5;42;24;24; 6;18; 0;24;24;24;0,25000000;1,0000000; 4,5000000; 6,0000000;2136
213;old;6;2;48;0,5625000;1418,9583;1117,5;27;24;24; 8;16;13;11;24;24;0,33333333;0,4583333; 0,7500000; 1,1250000;2136
213;old;6;3;48;0,6666667;1711,7917;1300,0;32;24;24; 7;17; 9;15;24;24;0,29166667;0,6250000; 2,0000000; 2,8235294;2136
213;old;6;4;48;0,8125000;1246,6458; 854,0;39;24;24; 7;17; 2;22;24;24;0,29166667;0,9166667; 3,7500000; 5,2941176;2136
214;old;2;1;48;0,9583333;1051,6458; 927,5;46;24;24; 2;22; 0;24;24;24;0,08333333;1,0000000; 1,8333333; 2,0000000;2142
214;old;2;2;48;0,8750000;1174,5208;1019,0;42;24;24; 4;20; 2;22;24;24;0,16666667;0,9166667; 1,5000000; 1,8000000;2142
214;old;2;3;48;0,9583333;1219,7500;1151,5;46;24;24; 0;24; 2;22;24;24;0,00000000;0,9166667; 1,8333333; 1,8333333;2142
214;old;2;4;48;0,9583333;1188,5208;1070,5;46;24;24; 1;23; 1;23;24;24;0,04166667;0,9583333; 1,8333333; 1,9130435;2142
214;old;4;1;48;0,8541667;1355,8125;1240,0;41;24;24; 4;20; 3;21;24;24;0,16666667;0,8750000; 2,8333333; 3,4000000;2144
214;old;4;2;48;0,7500000;1501,3542;1349,5;36;24;24; 3;21; 9;15;24;24;0,12500000;0,6250000; 2,0000000; 2,2857143;2144
214;old;4;3;48;0,7500000;1600,8750;1525,0;36;24;24; 1;23;11;13;24;24;0,04166667;0,5416667; 2,0000000; 2,0869565;2144
214;old;4;4;48;0,9166667;1323,5417;1159,5;44;24;24; 2;22; 2;22;24;24;0,08333333;0,9166667; 3,3333333; 3,6363636;2144
214;old;6;1;48;0,7083333;1559,2083;1340,0;34;24;24; 6;18; 8;16;24;24;0,25000000;0,6666667; 2,5000000; 3,3333333;2146
214;old;6;2;48;0,6250000;1595,3958;1431,5;30;24;24; 4;20;14;10;24;24;0,16666667;0,4166667; 1,5000000; 1,8000000;2146
214;old;6;3;48;0,5833333;1738,1042;1501,5;28;24;24; 6;18;14;10;24;24;0,25000000;0,4166667; 1,0000000; 1,3333333;2146
214;old;6;4;48;0,6875000;1589,0208;1401,5;33;24;24; 3;21;12;12;24;24;0,12500000;0,5000000; 2,2500000; 2,5714286;2146
215;old;2;1;48;0,9791667; 825,3125; 799,5;47;24;24; 1;23; 0;24;24;24;0,04166667;1,0000000; 1,9166667; 2,0000000;2152
215;old;2;2;48;0,8541667; 998,7083; 905,5;41;24;24; 0;24; 7;17;24;24;0,00000000;0,7083333; 1,4166667; 1,4166667;2152
215;old;2;3;48;0,8750000;1011,1875; 943,0;42;24;24; 0;24; 6;18;24;24;0,00000000;0,7500000; 1,5000000; 1,5000000;2152
215;old;2;4;48;0,9583333; 938,6458; 875,5;46;24;24; 1;23; 1;23;24;24;0,04166667;0,9583333; 1,8333333; 1,9130435;2152
215;old;4;1;48;0,8541667;1011,8542; 902,0;41;24;24; 6;18; 1;23;24;24;0,25000000;0,9583333; 2,8333333; 3,7777778;2154
215;old;4;2;48;0,8125000;1154,2500;1076,5;39;24;24; 3;21; 6;18;24;24;0,12500000;0,7500000; 2,5000000; 2,8571429;2154
215;old;4;3;48;0,7291667;1024,9375; 969,5;35;24;24; 0;24;13;11;24;24;0,00000000;0,4583333; 1,8333333; 1,8333333;2154
215;old;4;4;48;0,8333333;1111,7500;1033,0;40;24;24; 1;23; 7;17;24;24;0,04166667;0,7083333; 2,6666667; 2,7826087;2154
215;old;6;1;48;0,8333333;1149,6875; 999,5;40;24;24; 7;17; 1;23;24;24;0,29166667;0,9583333; 4,0000000; 5,6470588;2156
215;old;6;2;48;0,6666667;1116,3542; 976,0;32;24;24; 5;19;11;13;24;24;0,20833333;0,5416667; 2,0000000; 2,5263158;2156
215;old;6;3;48;0,5833333;1244,2500;1093,0;28;24;24; 7;17;13;11;24;24;0,29166667;0,4583333; 1,0000000; 1,4117647;2156
215;old;6;4;48;0,6666667;1095,7083;1028,0;32;24;24; 6;18;10;14;24;24;0,25000000;0,5833333; 2,0000000; 2,6666667;2156
216;old;2;1;48;0,9791667; 883,1875; 872,5;47;24;24; 1;23; 0;24;24;24;0,04166667;1,0000000; 1,9166667; 2,0000000;2162
216;old;2;2;48;0,7291667;1116,4792;1011,5;35;24;24; 0;24;13;11;24;24;0,00000000;0,4583333; 0,9166667; 0,9166667;2162
216;old;2;3;48;0,8125000;1027,6875;1011,0;39;24;24; 0;24; 9;15;24;24;0,00000000;0,6250000; 1,2500000; 1,2500000;2162
216;old;2;4;48;0,9166667;1059,1250; 995,5;44;24;24; 0;24; 4;20;24;24;0,00000000;0,8333333; 1,6666667; 1,6666667;2162
216;old;4;1;48;0,9375000;1102,0000; 991,0;45;24;24; 3;21; 0;24;24;24;0,12500000;1,0000000; 3,5000000; 4,0000000;2164
216;old;4;2;48;0,6458333;1100,9375; 956,0;31;24;24; 4;20;13;11;24;24;0,16666667;0,4583333; 1,1666667; 1,4000000;2164
216;old;4;3;48;0,6250000;1217,9583;1067,5;30;24;24; 2;22;16; 8;24;24;0,08333333;0,3333333; 1,0000000; 1,0909091;2164
216;old;4;4;48;0,8333333;1259,8958;1101,0;40;24;24; 2;22; 6;18;24;24;0,08333333;0,7500000; 2,6666667; 2,9090909;2164
216;old;6;1;48;0,7916667;1261,4167;1119,0;38;24;24; 7;17; 3;21;24;24;0,29166667;0,8750000; 3,5000000; 4,9411765;2166
216;old;6;2;48;0,6875000;1465,6042;1250,0;33;24;24; 5;19;10;14;24;24;0,20833333;0,5833333; 2,2500000; 2,8421053;2166
216;old;6;3;48;0,5416667;1205,2917;1044,5;26;24;24; 8;16;14;10;24;24;0,33333333;0,4166667; 0,5000000; 0,7500000;2166
216;old;6;4;48;0,6666667;1266,2500;1086,5;32;24;24; 6;18;10;14;24;24;0,25000000;0,5833333; 2,0000000; 2,6666667;2166
217;old;2;1;48;1,0000000; 982,8750; 949,5;48;24;24; 0;24; 0;24;24;24;0,00000000;1,0000000; 2,0000000; 2,0000000;2172
217;old;2;2;48;0,7916667;1040,2917;1014,5;38;24;24; 0;24;10;14;24;24;0,00000000;0,5833333; 1,1666667; 1,1666667;2172
217;old;2;3;48;0,8541667;1100,8958;1061,0;41;24;24; 1;23; 6;18;24;24;0,04166667;0,7500000; 1,4166667; 1,4782609;2172
217;old;2;4;48;0,9791667;1035,2917;1008,0;47;24;24; 1;23; 0;24;24;24;0,04166667;1,0000000; 1,9166667; 2,0000000;2172
217;old;4;1;48;0,8750000;1150,4792;1028,5;42;24;24; 5;19; 1;23;24;24;0,20833333;0,9583333; 3,0000000; 3,7894737;2174
217;old;4;2;48;0,6041667;1287,2708;1308,0;29;24;24; 8;16;11;13;24;24;0,33333333;0,5416667; 0,8333333; 1,2500000;2174
217;old;4;3;48;0,7500000;1180,5000;1122,5;36;24;24; 3;21; 9;15;24;24;0,12500000;0,6250000; 2,0000000; 2,2857143;2174
217;old;4;4;48;0,8541667;1138,7917;1087,0;41;24;24; 6;18; 1;23;24;24;0,25000000;0,9583333; 2,8333333; 3,7777778;2174
217;old;6;1;48;0,8125000;1113,8542;1081,0;39;24;24; 8;16; 1;23;24;24;0,33333333;0,9583333; 3,7500000; 5,6250000;2176
217;old;6;2;48;0,5416667;1242,6667;1198,5;26;24;24;10;14;12;12;24;24;0,41666667;0,5000000; 0,5000000; 0,8571429;2176
217;old;6;3;48;0,6666667;1151,5417;1097,5;32;24;24; 6;18;10;14;24;24;0,25000000;0,5833333; 2,0000000; 2,6666667;2176
217;old;6;4;48;0,8958333;1199,8542;1148,0;43;24;24; 3;21; 2;22;24;24;0,12500000;0,9166667; 4,7500000; 5,4285714;2176
218;old;2;1;48;0,9791667;1840,9375;1585,0;47;24;24; 1;23; 0;24;24;24;0,04166667;1,0000000; 1,9166667; 2,0000000;2182
218;old;2;2;48;0,9166667;2062,5833;1823,5;44;24;24; 1;23; 3;21;24;24;0,04166667;0,8750000; 1,6666667; 1,7391304;2182
218;old;2;3;48;0,8958333;2207,5625;1795,5;43;24;24; 1;23; 4;20;24;24;0,04166667;0,8333333; 1,5833333; 1,6521739;2182
218;old;2;4;48;0,9166667;2178,2500;1823,5;44;24;24; 2;22; 2;22;24;24;0,08333333;0,9166667; 1,6666667; 1,8181818;2182
218;old;4;1;48;0,8958333;2020,3542;1866,0;43;24;24; 5;19; 0;24;24;24;0,20833333;1,0000000; 3,1666667; 4,0000000;2184
218;old;4;2;48;0,7500000;2645,0625;2075,0;36;24;24; 9;15; 3;21;24;24;0,37500000;0,8750000; 2,0000000; 3,2000000;2184
218;old;4;3;48;0,8333333;2471,4792;2019,0;40;24;24; 5;19; 3;21;24;24;0,20833333;0,8750000; 2,6666667; 3,3684211;2184
218;old;4;4;48;0,7708333;2637,1250;2023,5;37;24;24; 9;15; 2;22;24;24;0,37500000;0,9166667; 2,1666667; 3,4666667;2184
218;old;6;1;48;0,7083333;2317,1667;1882,5;34;24;24;13;11; 1;23;24;24;0,54166667;0,9583333; 2,5000000; 5,4545455;2186
218;old;6;2;48;0,7291667;2401,9375;1847,5;35;24;24; 9;15; 4;20;24;24;0,37500000;0,8333333; 2,7500000; 4,4000000;2186
218;old;6;3;48;0,7083333;2409,7500;2092,0;34;24;24;11;13; 3;21;24;24;0,45833333;0,8750000; 2,5000000; 4,6153846;2186
218;old;6;4;48;0,7083333;2413,2083;1994,0;34;24;24;12;12; 2;22;24;24;0,50000000;0,9166667; 2,5000000; 5,0000000;2186
219;old;2;1;48;1,0000000;1118,0833; 959,0;48;24;24; 0;24; 0;24;24;24;0,00000000;1,0000000; 2,0000000; 2,0000000;2192
219;old;2;2;48;0,9583333;1277,0625;1004,0;46;24;24; 0;24; 2;22;24;24;0,00000000;0,9166667; 1,8333333; 1,8333333;2192
219;old;2;3;48;0,8541667;1210,1250;1141,0;41;24;24; 0;24; 7;17;24;24;0,00000000;0,7083333; 1,4166667; 1,4166667;2192
219;old;2;4;48;0,9791667;1281,4375; 986,5;47;24;24; 0;24; 1;23;24;24;0,00000000;0,9583333; 1,9166667; 1,9166667;2192
219;old;4;1;48;0,9583333;1565,0625;1128,0;46;24;24; 1;23; 1;23;24;24;0,04166667;0,9583333; 3,6666667; 3,8260870;2194
219;old;4;2;48;0,8333333;1358,4792;1116,0;40;24;24; 1;23; 7;17;24;24;0,04166667;0,7083333; 2,6666667; 2,7826087;2194
219;old;4;3;48;0,6250000;1340,4583;1141,0;30;24;24; 2;22;16; 8;24;24;0,08333333;0,3333333; 1,0000000; 1,0909091;2194
219;old;4;4;48;0,8958333;1260,3333;1040,0;43;24;24; 0;24; 5;19;24;24;0,00000000;0,7916667; 3,1666667; 3,1666667;2194
219;old;6;1;48;0,8333333;1381,0000;1131,0;40;24;24; 4;20; 4;20;24;24;0,16666667;0,8333333; 4,0000000; 4,8000000;2196
219;old;6;2;48;0,7083333;1353,2917;1146,5;34;24;24; 2;22;12;12;24;24;0,08333333;0,5000000; 2,5000000; 2,7272727;2196
219;old;6;3;48;0,6666667;1227,6042;1175,5;32;24;24; 2;22;14;10;24;24;0,08333333;0,4166667; 2,0000000; 2,1818182;2196
219;old;6;4;48;0,7291667;1244,5208;1064,0;35;24;24; 3;21;10;14;24;24;0,12500000;0,5833333; 2,7500000; 3,1428571;2196
220;old;2;1;48;1,0000000;1473,5833;1330,5;48;24;24; 0;24; 0;24;24;24;0,00000000;1,0000000; 2,0000000; 2,0000000;2202
220;old;2;2;48;0,9583333;1637,8125;1460,0;46;24;24; 0;24; 2;22;24;24;0,00000000;0,9166667; 1,8333333; 1,8333333;2202
220;old;2;3;48;0,8541667;1934,0833;1560,5;41;24;24; 1;23; 6;18;24;24;0,04166667;0,7500000; 1,4166667; 1,4782609;2202
220;old;2;4;48;0,9583333;1795,6458;1567,0;46;24;24; 0;24; 2;22;24;24;0,00000000;0,9166667; 1,8333333; 1,8333333;2202
220;old;4;1;48;0,8750000;1642,2500;1408,0;42;24;24; 6;18; 0;24;24;24;0,25000000;1,0000000; 3,0000000; 4,0000000;2204
220;old;4;2;48;0,7708333;1852,1667;1557,5;37;24;24; 4;20; 7;17;24;24;0,16666667;0,7083333; 2,1666667; 2,6000000;2204
220;old;4;3;48;0,6666667;1962,5417;1631,5;32;24;24; 8;16; 8;16;24;24;0,33333333;0,6666667; 1,3333333; 2,0000000;2204
220;old;4;4;48;0,8125000;1795,8750;1549,0;39;24;24; 4;20; 5;19;24;24;0,16666667;0,7916667; 2,5000000; 3,0000000;2204
220;old;6;1;48;0,7708333;1882,5833;1611,0;37;24;24;11;13; 0;24;24;24;0,45833333;1,0000000; 3,2500000; 6,0000000;2206
220;old;6;2;48;0,6250000;1909,6458;1549,0;30;24;24; 8;16;10;14;24;24;0,33333333;0,5833333; 1,5000000; 2,2500000;2206
220;old;6;3;48;0,7083333;2058,6667;1841,5;34;24;24; 8;16; 6;18;24;24;0,33333333;0,7500000; 2,5000000; 3,7500000;2206
220;old;6;4;48;0,6666667;1803,2917;1529,5;32;24;24;11;13; 5;19;24;24;0,45833333;0,7916667; 2,0000000; 3,6923077;2206
